Show Number,Air Date
4680,12/31/2004
5957,7/6/2010
3751,12/18/2000
3673,7/19/2000
4931,2/6/2006
5690,5/8/2009
2825,12/6/1996
6037,12/7/2010
5243,5/30/2007
3036,11/10/1997
4107,6/11/2002
2735,6/21/1996
5851,2/8/2010
4335,6/6/2003
4541,5/10/2004
3834,4/12/2001
3619,5/4/2000
3534,1/6/2000
4085,5/10/2002
1279,3/8/1990
1302,4/10/1990
4936,2/13/2006
3632,5/23/2000
3362,3/30/1999
4960,3/17/2006
5392,2/5/2008
5795,11/20/2009
6118,3/30/2011
5580,12/5/2008
4699,1/27/2005
3113,2/25/1998
3447,9/7/1999
6294,1/19/2012
3461,9/27/1999
1800,5/29/1992
5981,9/20/2010
3112,2/24/1998
5431,3/31/2008
5630,2/13/2009
4595,7/23/2004
3214,7/16/1998
5145,1/12/2007
5282,7/24/2007
4220,12/27/2002
6125,4/8/2011
5979,9/16/2010
3815,3/16/2001
422,4/22/1986
1740,3/6/1992
3697,10/3/2000
5079,10/12/2006
4487,2/24/2004
5807,12/8/2009
5622,2/3/2009
5084,10/19/2006
5002,5/16/2006
5334,11/15/2007
5347,12/4/2007
4751,4/11/2005
4576,6/28/2004
4582,7/6/2004
5352,12/11/2007
4398,10/22/2003
6144,5/5/2011
6239,11/3/2011
5796,11/23/2009
5996,10/11/2010
2818,11/27/1996
5797,11/24/2009
4213,12/18/2002
4278,3/19/2003
3403,5/26/1999
3436,7/12/1999
1276,3/5/1990
4700,1/28/2005
6288,1/11/2012
5512,7/22/2008
3060,12/12/1997
5419,3/13/2008
5686,5/4/2009
3343,3/3/1999
3331,2/15/1999
3003,9/24/1997
308,11/13/1985
3480,10/22/1999
4842,10/4/2005
1658,11/13/1991
3254,10/29/1998
5903,4/21/2010
5914,5/6/2010
2047,6/29/1993
2349,11/17/1994
5173,2/21/2007
3537,1/11/2000
3911,9/10/2001
4254,2/13/2003
5831,1/11/2010
3470,10/8/1999
4506,3/22/2004
2120,11/19/1993
5935,6/4/2010
3903,7/18/2001
3303,1/6/1999
4968,3/29/2006
5307,10/9/2007
3517,12/14/1999
776,1/11/1988
3010,10/3/1997
3855,5/11/2001
3358,3/24/1999
4985,4/21/2006
6287,1/10/2012
5930,5/28/2010
4306,4/28/2003
5363,12/26/2007
958,11/2/1988
4667,12/14/2004
732,11/10/1987
5476,6/2/2008
5171,2/19/2007
3191,6/15/1998
2515,7/7/1995
4183,11/6/2002
3255,10/30/1998
5094,11/2/2006
4644,11/11/2004
6072,1/25/2011
4808,6/29/2005
5467,5/20/2008
5146,1/15/2007
4146,9/16/2002
3501,11/22/1999
1274,3/1/1990
3547,1/25/2000
4227,1/7/2003
2679,4/4/1996
4724,3/3/2005
3898,7/11/2001
1291,3/26/1990
4946,2/27/2006
4787,5/31/2005
6135,4/22/2011
5443,4/16/2008
62,12/4/1984
6231,10/24/2011
3682,9/12/2000
3102,2/10/1998
5397,2/12/2008
6293,1/18/2012
5624,2/5/2009
3393,5/12/1999
3409,6/3/1999
4160,10/4/2002
3907,9/4/2001
5153,1/24/2007
3820,3/23/2001
6193,7/13/2011
2893,3/12/1997
3108,2/18/1998
4987,4/25/2006
5701,5/25/2009
5530,9/26/2008
4738,3/23/2005
6088,2/16/2011
4550,5/21/2004
3130,3/20/1998
3543,1/19/2000
4177,10/29/2002
6159,5/26/2011
5825,1/1/2010
5416,3/10/2008
3205,7/3/1998
3014,10/9/1997
5623,2/4/2009
4122,7/2/2002
6029,11/25/2010
5281,7/23/2007
4935,2/10/2006
3361,3/29/1999
4472,2/3/2004
5437,4/8/2008
4766,5/2/2005
3588,3/22/2000
4362,7/15/2003
5311,10/15/2007
4300,4/18/2003
6014,11/4/2010
4873,11/16/2005
4698,1/26/2005
3795,2/16/2001
5279,7/19/2007
3136,3/30/1998
4461,1/19/2004
5081,10/16/2006
4950,3/3/2006
2903,3/26/1997
3209,7/9/1998
3053,12/3/1997
1875,10/30/1992
3139,4/2/1998
3276,11/30/1998
4693,1/19/2005
5880,3/19/2010
2778,10/2/1996
5759,10/1/2009
5332,11/13/2007
6230,10/21/2011
5760,10/2/2009
4695,1/21/2005
4586,7/12/2004
4798,6/15/2005
2341,11/7/1994
3749,12/14/2000
3251,10/26/1998
3780,1/26/2001
4618,10/6/2004
5181,3/5/2007
5014,6/1/2006
4348,6/25/2003
2835,12/20/1996
4849,10/13/2005
3804,3/1/2001
4530,4/23/2004
5132,12/26/2006
3788,2/7/2001
4726,3/7/2005
6196,7/18/2011
4642,11/9/2004
4988,4/26/2006
5862,2/23/2010
1191,11/6/1989
3596,4/3/2000
3854,5/10/2001
2124,11/25/1993
3519,12/16/1999
3621,5/8/2000
5110,11/24/2006
3193,6/17/1998
5591,12/22/2008
1429,11/15/1990
3402,5/25/1999
5342,11/27/2007
1103,5/24/1989
5757,9/29/2009
5758,9/30/2009
5435,4/4/2008
3846,4/30/2001
4628,10/20/2004
4511,3/29/2004
4084,5/9/2002
2832,12/17/1996
3731,11/20/2000
5788,11/11/2009
5327,11/6/2007
3340,2/26/1999
5408,2/27/2008
2685,4/12/1996
2886,3/3/1997
4239,1/23/2003
3272,11/24/1998
5468,5/21/2008
5200,3/30/2007
6260,12/2/2011
3396,5/17/1999
3969,11/29/2001
1908,12/16/1992
5946,6/21/2010
3660,6/30/2000
5346,12/3/2007
5001,5/15/2006
1526,4/1/1991
5460,5/9/2008
5051,7/24/2006
3103,2/11/1998
4344,6/19/2003
6161,5/30/2011
5816,12/21/2009
1210,12/1/1989
4732,3/15/2005
3736,11/27/2000
3018,10/15/1997
3285,12/11/1998
5513,7/23/2008
4155,9/27/2002
5768,10/14/2009
3504,11/25/1999
5174,2/22/2007
5841,1/25/2010
2960,6/13/1997
6192,7/12/2011
5792,11/17/2009
4496,3/8/2004
2969,6/26/1997
5822,12/29/2009
731,11/9/1987
5628,2/11/2009
5770,10/16/2009
3779,1/25/2001
5777,10/27/2009
1329,5/17/1990
5763,10/7/2009
423,4/23/1986
3227,9/22/1998
4866,11/7/2005
5280,7/20/2007
2853,1/15/1997
5581,12/8/2008
3863,5/23/2001
3520,12/17/1999
5052,7/25/2006
3734,11/23/2000
4974,4/6/2006
4952,3/7/2006
4844,10/6/2005
3175,5/22/1998
4612,9/28/2004
5253,6/13/2007
5601,1/5/2009
5729,7/2/2009
5986,9/27/2010
3322,2/2/1999
3109,2/19/1998
5660,3/27/2009
10,9/21/1984
6070,1/21/2011
5815,12/18/2009
3154,4/23/1998
4390,10/10/2003
5459,5/8/2008
4583,7/7/2004
3267,11/17/1998
4925,1/27/2006
3723,11/8/2000
6025,11/19/2010
5694,5/14/2009
3582,3/14/2000
3009,10/2/1997
980,12/2/1988
5906,4/26/2010
5688,5/6/2009
4588,7/14/2004
5389,1/31/2008
3665,7/7/2000
3170,5/15/1998
5071,10/2/2006
4880,11/25/2005
4981,4/17/2006
2849,1/9/1997
496,11/3/1986
3118,3/4/1998
2683,4/10/1996
3647,6/13/2000
5551,10/27/2008
4308,4/30/2003
5954,7/1/2010
369,2/6/1986
5872,3/9/2010
3338,2/24/1999
5810,12/11/2009
5874,3/11/2010
4650,11/19/2004
3893,7/4/2001
3475,10/15/1999
5038,7/5/2006
4609,9/23/2004
3288,12/16/1998
4929,2/2/2006
5308,10/10/2007
2126,11/29/1993
3709,10/19/2000
6140,4/29/2011
6127,4/12/2011
6040,12/10/2010
5949,6/24/2010
3245,10/16/1998
3686,9/18/2000
3220,9/11/1998
2874,2/13/1997
5257,6/19/2007
4900,12/23/2005
3740,12/1/2000
4622,10/12/2004
4465,1/23/2004
2968,6/25/1997
4815,7/8/2005
6069,1/20/2011
5150,1/19/2007
3774,1/18/2001
13,9/26/1984
3540,1/14/2000
4810,7/1/2005
3775,1/19/2001
1795,5/22/1992
3714,10/26/2000
3083,1/14/1998
5817,12/22/2009
6282,1/3/2012
5967,7/20/2010
4663,12/8/2004
4862,11/1/2005
2975,7/4/1997
4664,12/9/2004
5210,4/13/2007
3541,1/17/2000
4287,4/1/2003
5102,11/14/2006
4265,2/28/2003
5120,12/8/2006
5756,9/28/2009
4167,10/15/2002
3320,1/29/1999
3643,6/7/2000
5055,7/28/2006
5487,6/17/2008
3776,1/22/2001
1245,1/19/1990
5271,7/9/2007
3334,2/18/1999
6226,10/17/2011
5296,9/24/2007
4903,12/28/2005
5648,3/11/2009
4657,11/30/2004
4877,11/22/2005
4249,2/6/2003
6242,11/8/2011
4820,7/15/2005
5123,12/13/2006
5860,2/19/2010
3688,9/20/2000
4819,7/14/2005
4123,7/3/2002
2923,4/23/1997
5969,7/22/2010
4662,12/7/2004
3916,9/17/2001
4843,10/5/2005
3481,10/25/1999
59,11/29/1984
2916,4/14/1997
6197,7/19/2011
3494,11/11/1999
2925,4/25/1997
4561,6/7/2004
3782,1/30/2001
4975,4/7/2006
5625,2/6/2009
5507,7/15/2008
2118,11/17/1993
5481,6/9/2008
1480,1/25/1991
4892,12/13/2005
2736,6/24/1996
2020,5/21/1993
2988,9/3/1997
3241,10/12/1998
5793,11/18/2009
5887,3/30/2010
2339,11/3/1994
5908,4/28/2010
3434,7/8/1999
1799,5/28/1992
3738,11/29/2000
4639,11/5/2004
2934,5/8/1997
6156,5/23/2011
2806,11/11/1996
6129,4/14/2011
2957,6/10/1997
4955,3/10/2006
6116,3/28/2011
3557,2/8/2000
2756,9/2/1996
3737,11/28/2000
6172,6/14/2011
4714,2/17/2005
5885,3/26/2010
3432,7/6/1999
4752,4/12/2005
3561,2/14/2000
5923,5/19/2010
3216,9/7/1998
4728,3/9/2005
6049,12/23/2010
4105,6/7/2002
5328,11/7/2007
4552,5/25/2004
3634,5/25/2000
5605,1/9/2009
2814,11/21/1996
2019,5/20/1993
3026,10/27/1997
5522,9/16/2008
4708,2/9/2005
2122,11/23/1993
5855,2/12/2010
4238,1/22/2003
5383,1/23/2008
3292,12/22/1998
4761,4/25/2005
2931,5/5/1997
4494,3/4/2004
3724,11/9/2000
5111,11/27/2006
4802,6/21/2005
6147,5/10/2011
5599,1/1/2009
3291,12/21/1998
5452,4/29/2008
3178,5/27/1998
4979,4/13/2006
6152,5/17/2011
5612,1/20/2009
5177,2/27/2007
1657,11/12/1991
3404,5/27/1999
6016,11/8/2010
4268,3/5/2003
3725,11/10/2000
2049,7/1/1993
5472,5/27/2008
4937,2/14/2006
1532,4/9/1991
6060,1/7/2011
5708,6/3/2009
5651,3/16/2009
2625,1/19/1996
4546,5/17/2004
5681,4/27/2009
2576,11/13/1995
4740,3/25/2005
5249,6/7/2007
4305,4/25/2003
3728,11/15/2000
1856,10/5/1992
2894,3/13/1997
3399,5/20/1999
5978,9/15/2010
3463,9/29/1999
5568,11/19/2008
6010,10/29/2010
3698,10/4/2000
1531,4/8/1991
6098,3/2/2011
4140,9/6/2002
5657,3/24/2009
5242,5/29/2007
3269,11/19/1998
5516,9/8/2008
5964,7/15/2010
4947,2/28/2006
5577,12/2/2008
3886,6/25/2001
64,12/6/1984
6104,3/10/2011
4081,5/6/2002
1333,5/23/1990
2981,7/14/1997
5589,12/18/2008
5440,4/11/2008
3388,5/5/1999
3833,4/11/2001
6148,5/11/2011
3441,7/19/1999
6112,3/22/2011
4191,11/18/2002
3984,12/20/2001
3243,10/14/1998
5668,4/8/2009
1985,4/2/1993
3179,5/28/1998
5361,12/24/2007
5904,4/22/2010
5889,4/1/2010
3066,12/22/1997
58,11/28/1984
3089,1/22/1998
3708,10/18/2000
5478,6/4/2008
4654,11/25/2004
2963,6/18/1997
3217,9/8/1998
3677,9/5/2000
5744,7/23/2009
3511,12/6/1999
3140,4/3/1998
5893,4/7/2010
5183,3/7/2007
3771,1/15/2001
5667,4/7/2009
6189,7/7/2011
503,11/12/1986
5821,12/28/2009
6074,1/27/2011
6128,4/13/2011
4631,10/25/2004
4930,2/3/2006
4318,5/14/2003
3575,3/3/2000
5331,11/12/2007
5772,10/20/2009
2951,6/2/1997
4304,4/24/2003
6297,1/24/2012
5595,12/26/2008
5754,9/24/2009
3080,1/9/1998
5430,3/28/2008
3063,12/17/1997
4786,5/30/2005
5799,11/26/2009
4218,12/25/2002
5028,6/21/2006
5555,10/31/2008
734,11/12/1987
2579,11/16/1995
4555,5/28/2004
3488,11/3/1999
6187,7/5/2011
4207,12/10/2002
3809,3/8/2001
3375,4/16/1999
2762,9/10/1996
6248,11/16/2011
4887,12/6/2005
5088,10/25/2006
4292,4/8/2003
4165,10/11/2002
4919,1/19/2006
3658,6/28/2000
3729,11/16/2000
1250,1/26/1990
3968,11/28/2001
2961,6/16/1997
3422,6/22/1999
4876,11/21/2005
4795,6/10/2005
5137,1/2/2007
3457,9/21/1999
5348,12/5/2007
1340,6/1/1990
4499,3/11/2004
3950,11/2/2001
1890,11/20/1992
6270,12/16/2011
3258,11/4/1998
5426,3/24/2008
499,11/6/1986
3239,10/8/1998
4721,2/28/2005
618,4/22/1987
3386,5/3/1999
4613,9/29/2004
5018,6/7/2006
5425,3/21/2008
5032,6/27/2006
838,4/6/1988
4921,1/23/2006
5360,12/21/2007
6225,10/14/2011
3051,12/1/1997
1792,5/19/1992
5189,3/15/2007
3232,9/29/1998
4705,2/4/2005
4894,12/15/2005
5175,2/23/2007
4825,7/22/2005
5905,4/23/2010
4184,11/7/2002
3812,3/13/2001
6275,12/23/2011
5241,5/28/2007
6065,1/14/2011
5194,3/22/2007
6066,1/17/2011
2899,3/20/1997
3385,4/30/1999
3006,9/29/1997
5436,4/7/2008
5824,12/31/2009
4548,5/19/2004
5164,2/8/2007
2884,2/27/1997
4940,2/17/2006
1872,10/27/1992
4829,9/15/2005
6085,2/11/2011
5721,6/22/2009
5925,5/21/2010
1886,11/16/1992
4617,10/5/2004
1307,4/17/1990
2751,7/15/1996
6228,10/19/2011
2836,12/23/1996
3853,5/9/2001
4512,3/30/2004
3613,4/26/2000
5406,2/25/2008
5238,5/23/2007
5335,11/16/2007
5260,6/22/2007
5593,12/24/2008
5144,1/11/2007
2127,11/30/1993
3485,10/29/1999
3811,3/12/2001
3704,10/12/2000
1605,7/19/1991
6091,2/21/2011
3487,11/2/1999
2861,1/27/1997
6100,3/4/2011
2052,7/6/1993
4606,9/20/2004
4584,7/8/2004
5886,3/29/2010
5180,3/2/2007
663,6/24/1987
3720,11/3/2000
5583,12/10/2008
3937,10/16/2001
2863,1/29/1997
5562,11/11/2008
3952,11/6/2001
5998,10/13/2010
2880,2/21/1997
4965,3/24/2006
6131,4/18/2011
4757,4/19/2005
3181,6/1/1998
6078,2/2/2011
3790,2/9/2001
4658,12/1/2004
5457,5/6/2008
3830,4/6/2001
6143,5/4/2011
5544,10/16/2008
5973,7/28/2010
5010,5/26/2006
3796,2/19/2001
4864,11/3/2005
2572,11/7/1995
3978,12/12/2001
4951,3/6/2006
5518,9/10/2008
2821,12/2/1996
3127,3/17/1998
4141,9/9/2002
4217,12/24/2002
5958,7/7/2010
3909,9/6/2001
4171,10/21/2002
5781,11/2/2009
3050,11/28/1997
6163,6/1/2011
6028,11/24/2010
3172,5/19/1998
5687,5/5/2009
5411,3/3/2008
4253,2/12/2003
5197,3/27/2007
2355,11/25/1994
5644,3/5/2009
4599,9/9/2004
6076,1/31/2011
4197,11/26/2002
4648,11/17/2004
5375,1/11/2008
5464,5/15/2008
1851,9/28/1992
5837,1/19/2010
3793,2/14/2001
4832,9/20/2005
6087,2/15/2011
3004,9/25/1997
14,9/27/1984
5965,7/16/2010
4258,2/19/2003
4696,1/24/2005
5846,2/1/2010
5058,9/13/2006
5881,3/22/2010
3061,12/15/1997
4411,11/10/2003
5692,5/12/2009
5227,5/8/2007
3528,12/29/1999
1194,11/9/1989
3287,12/15/1998
497,11/4/1986
2908,4/2/1997
4312,5/6/2003
3367,4/6/1999
3268,11/18/1998
2513,7/5/1995
3164,5/7/1998
4712,2/15/2005
1430,11/16/1990
6245,11/11/2011
4365,7/18/2003
3265,11/13/1998
6134,4/21/2011
5152,1/23/2007
1311,4/23/1990
3783,1/31/2001
5127,12/19/2006
4467,1/27/2004
3692,9/26/2000
3943,10/24/2001
4768,5/4/2005
3581,3/13/2000
5239,5/24/2007
3883,6/20/2001
2125,11/26/1993
3237,10/6/1998
5548,10/22/2008
61,12/3/1984
4200,11/29/2002
2889,3/6/1997
4956,3/13/2006
1656,11/11/1991
4158,10/2/2002
5077,10/10/2006
3566,2/21/2000
5645,3/6/2009
3240,10/9/1998
5466,5/19/2008
5693,5/13/2009
2621,1/15/1996
5563,11/12/2008
5980,9/17/2010
5545,10/17/2008
966,11/14/1988
3794,2/15/2001
3035,11/7/1997
3696,10/2/2000
5499,7/3/2008
3818,3/21/2001
5287,9/11/2007
4206,12/9/2002
1285,3/16/1990
4522,4/13/2004
3277,12/1/1998
3509,12/2/1999
3967,11/27/2001
5089,10/26/2006
5149,1/18/2007
2595,12/8/1995
4782,5/24/2005
1283,3/14/1990
4828,9/14/2005
6203,7/27/2011
6158,5/25/2011
3408,6/2/1999
2990,9/5/1997
3574,3/2/2000
5119,12/7/2006
3927,10/2/2001
5879,3/18/2010
5124,12/14/2006
4706,2/7/2005
498,11/5/1986
4264,2/27/2003
2935,5/9/1997
3081,1/12/1998
3832,4/10/2001
5129,12/21/2006
3430,7/2/1999
4895,12/16/2005
4689,1/13/2005
6204,7/28/2011
2051,7/5/1993
5971,7/26/2010
3753,12/20/2000
3478,10/20/1999
3401,5/24/1999
3973,12/5/2001
1871,10/26/1992
2912,4/8/1997
5525,9/19/2008
2843,1/1/1997
3259,11/5/1998
3563,2/16/2000
4990,4/28/2006
3252,10/27/1998
4746,4/4/2005
3550,1/28/2000
5773,10/21/2009
3211,7/13/1998
4813,7/6/2005
5543,10/15/2008
4345,6/20/2003
5987,9/28/2010
4870,11/11/2005
5048,7/19/2006
307,11/12/1985
3213,7/15/1998
5138,1/3/2007
4535,4/30/2004
4879,11/24/2005
6101,3/7/2011
4637,11/3/2004
4875,11/18/2005
1423,11/7/1990
4764,4/28/2005
5943,6/16/2010
4783,5/25/2005
5207,4/10/2007
5527,9/23/2008
4578,6/30/2004
1255,2/2/1990
5234,5/17/2007
5226,5/7/2007
4762,4/26/2005
5746,9/14/2009
5451,4/28/2008
3752,12/19/2000
3144,4/9/1998
3370,4/9/1999
961,11/7/1988
6222,10/11/2011
4274,3/13/2003
6058,1/5/2011
3327,2/9/1999
5201,4/2/2007
6174,6/16/2011
5924,5/20/2010
4745,4/1/2005
6035,12/3/2010
4920,1/20/2006
3315,1/22/1999
2929,5/1/1997
4244,1/30/2003
3064,12/18/1997
3286,12/14/1998
5673,4/15/2009
5062,9/19/2006
5826,1/4/2010
5159,2/1/2007
4361,7/14/2003
5600,1/2/2009
4145,9/13/2002
6079,2/3/2011
4958,3/15/2006
2777,10/1/1996
5696,5/18/2009
3533,1/5/2000
3411,6/7/1999
5484,6/12/2008
3131,3/23/1998
4380,9/26/2003
5755,9/25/2009
4896,12/19/2005
4826,9/12/2005
3302,1/5/1999
4794,6/9/2005
5582,12/9/2008
3298,12/30/1998
2885,2/28/1997
5495,6/27/2008
6181,6/27/2011
4299,4/17/2003
1267,2/20/1990
6034,12/2/2010
5005,5/19/2006
3764,1/4/2001
5912,5/4/2010
4455,1/9/2004
3440,7/16/1999
3173,5/20/1998
4973,4/5/2006
739,11/19/1987
5065,9/22/2006
2987,9/2/1997
3654,6/22/2000
4788,6/1/2005
6124,4/7/2011
4629,10/21/2004
3085,1/16/1998
446,5/26/1986
6264,12/8/2011
5523,9/17/2008
3002,9/23/1997
2632,1/30/1996
4087,5/14/2002
6250,11/18/2011
5025,6/16/2006
2582,11/21/1995
5421,3/17/2008
5968,7/21/2010
3710,10/20/2000
3616,5/1/2000
5107,11/21/2006
621,4/27/1987
5854,2/11/2010
5016,6/5/2006
5302,10/2/2007
2622,1/16/1996
3389,5/6/1999
2776,9/30/1996
6009,10/28/2010
6267,12/13/2011
2891,3/10/1997
6182,6/28/2011
4793,6/8/2005
5483,6/11/2008
6132,4/19/2011
1260,2/9/1990
3312,1/19/1999
6208,9/21/2011
3000,9/19/1997
1206,11/27/1989
6103,3/9/2011
4796,6/13/2005
2340,11/4/1994
6184,6/30/2011
5262,6/26/2007
6295,1/20/2012
4686,1/10/2005
4854,10/20/2005
5927,5/25/2010
3263,11/11/1998
5301,10/1/2007
606,4/6/1987
6004,10/21/2010
3442,7/20/1999
475,10/3/1986
2914,4/10/1997
5022,6/13/2006
3048,11/26/1997
5531,9/29/2008
5748,9/16/2009
5006,5/22/2006
3469,10/7/1999
6268,12/14/2011
5823,12/30/2009
3124,3/12/1998
2236,5/2/1994
2919,4/17/1997
4489,2/26/2004
6176,6/20/2011
5151,1/22/2007
2948,5/28/1997
5750,9/18/2009
5191,3/19/2007
5574,11/27/2008
3580,3/10/2000
3905,7/20/2001
2830,12/13/1996
4260,2/21/2003
4747,4/5/2005
4619,10/7/2004
737,11/17/1987
4510,3/26/2004
5080,10/13/2006
5990,10/1/2010
967,11/15/1988
2820,11/29/1996
6015,11/5/2010
3944,10/25/2001
3123,3/11/1998
5290,9/14/2007
4753,4/13/2005
4812,7/5/2005
5565,11/14/2008
4668,12/15/2004
3816,3/19/2001
2350,11/18/1994
1428,11/14/1990
3043,11/19/1997
5938,6/9/2010
4519,4/8/2004
4174,10/24/2002
4185,11/8/2002
4337,6/10/2003
5771,10/19/2009
5083,10/18/2006
5188,3/14/2007
5733,7/8/2009
4797,6/14/2005
3861,5/21/2001
5767,10/13/2009
2541,9/25/1995
3030,10/31/1997
6151,5/16/2011
1290,3/23/1990
1328,5/16/1990
2977,7/8/1997
3902,7/17/2001
4471,2/2/2004
6017,11/9/2010
4179,10/31/2002
4106,6/10/2002
2900,3/21/1997
4214,12/19/2002
4806,6/27/2005
2581,11/20/1995
4356,7/7/2003
3730,11/17/2000
5719,6/18/2009
4580,7/2/2004
6202,7/26/2011
4451,1/5/2004
3842,4/24/2001
4909,1/5/2006
3823,3/28/2001
5840,1/22/2010
3669,7/13/2000
4838,9/28/2005
5205,4/6/2007
2351,11/21/1994
5955,7/2/2010
5626,2/9/2009
3195,6/19/1998
3021,10/20/1997
5716,6/15/2009
4883,11/30/2005
5575,11/28/2008
2928,4/30/1997
4893,12/14/2005
5775,10/23/2009
1289,3/22/1990
4998,5/10/2006
4691,1/17/2005
2930,5/2/1997
306,11/11/1985
3554,2/3/2000
5850,2/5/2010
3516,12/13/1999
3264,11/12/1998
2980,7/11/1997
4543,5/12/2004
4608,9/22/2004
5101,11/13/2006
3874,6/7/2001
5501,7/7/2008
4719,2/24/2005
3556,2/7/2000
3141,4/6/1998
4749,4/7/2005
3881,6/18/2001
5779,10/29/2009
4585,7/9/2004
3785,2/2/2001
3626,5/15/2000
5794,11/19/2009
4342,6/17/2003
4735,3/18/2005
4653,11/24/2004
3433,7/7/1999
5931,5/31/2010
3544,1/20/2000
3451,9/13/1999
4943,2/22/2006
4507,3/23/2004
1984,4/1/1993
3939,10/18/2001
3606,4/17/2000
3042,11/18/1997
3623,5/10/2000
3162,5/5/1998
5321,10/29/2007
5237,5/22/2007
5086,10/23/2006
5074,10/5/2006
5193,3/21/2007
2130,12/3/1993
5820,12/25/2009
4309,5/1/2003
4927,1/31/2006
5393,2/6/2008
4493,3/3/2004
5366,12/31/2007
5720,6/19/2009
2994,9/11/1997
4031,2/25/2002
3745,12/8/2000
6026,11/22/2010
4,9/13/1984
3872,6/5/2001
5680,4/24/2009
5169,2/15/2007
3757,12/26/2000
4837,9/27/2005
3579,3/9/2000
5474,5/29/2008
4850,10/14/2005
5878,3/17/2010
5921,5/17/2010
6005,10/22/2010
4243,1/29/2003
5920,5/14/2010
4366,9/8/2003
6106,3/14/2011
5317,10/23/2007
5235,5/18/2007
5521,9/15/2008
3506,11/29/1999
2837,12/24/1996
3873,6/6/2001
4417,11/18/2003
5270,7/6/2007
2921,4/21/1997
4890,12/9/2005
5341,11/26/2007
3628,5/17/2000
5284,7/26/2007
5100,11/10/2006
3087,1/20/1998
1162,9/26/1989
4513,3/31/2004
5295,9/21/2007
4851,10/17/2005
4730,3/11/2005
2754,7/18/1996
3805,3/2/2001
2971,6/30/1997
4340,6/13/2003
3577,3/7/2000
3798,2/21/2001
3148,4/15/1998
4285,3/28/2003
5420,3/14/2008
4957,3/14/2006
1227,12/26/1989
3284,12/10/1998
2816,11/25/1996
6068,1/19/2011
6291,1/16/2012
3101,2/9/1998
6233,10/26/2011
6008,10/27/2010
3093,1/28/1998
4502,3/16/2004
5975,7/30/2010
3559,2/10/2000
5503,7/9/2008
3454,9/16/1999
5847,2/2/2010
5509,7/17/2008
2824,12/5/1996
5444,4/17/2008
2757,9/3/1996
3167,5/12/1998
4772,5/10/2005
5724,6/25/2009
4626,10/18/2004
4607,9/21/2004
3153,4/22/1998
3936,10/15/2001
5033,6/28/2006
2682,4/9/1996
5894,4/8/2010
4330,5/30/2003
6283,1/4/2012
759,12/10/1987
4803,6/22/2005
3247,10/20/1998
6219,10/6/2011
3598,4/5/2000
738,11/18/1987
2986,9/1/1997
4643,11/10/2004
3323,2/3/1999
5310,10/12/2007
2119,11/18/1993
6141,5/2/2011
3513,12/8/1999
6077,2/1/2011
2982,7/15/1997
3587,3/21/2000
5617,1/27/2009
5418,3/12/2008
6185,7/1/2011
3808,3/7/2001
3733,11/22/2000
662,6/23/1987
4636,11/1/2004
6211,9/26/2011
4775,5/13/2005
5542,10/14/2008
4565,6/11/2004
5059,9/14/2006
3296,12/28/1998
3233,9/30/1998
3382,4/27/1999
3681,9/11/2000
1634,10/10/1991
3974,12/6/2001
3490,11/5/1999
4458,1/14/2004
839,4/7/1988
3656,6/26/2000
5702,5/26/2009
6000,10/15/2010
5277,7/17/2007
5318,10/24/2007
5448,4/23/2008
4092,5/21/2002
2995,9/12/1997
4319,5/15/2003
5045,7/14/2006
617,4/21/1987
5666,4/6/2009
4328,5/28/2003
5798,11/25/2009
3466,10/4/1999
3234,10/1/1998
5272,7/10/2007
3479,10/21/1999
5976,9/13/2010
1254,2/1/1990
5728,7/1/2009
4779,5/19/2005
3169,5/14/1998
3128,3/18/1998
4392,10/14/2003
3071,12/29/1997
5926,5/24/2010
5567,11/18/2008
6271,12/19/2011
3032,11/4/1997
2945,5/23/1997
5314,10/18/2007
3202,6/30/1998
5225,5/4/2007
3885,6/22/2001
5215,4/20/2007
1263,2/14/1990
6199,7/21/2011
4230,1/10/2003
4549,5/20/2004
5913,5/5/2010
3339,2/25/1999
4180,11/1/2002
5252,6/12/2007
5735,7/10/2009
4923,1/25/2006
4497,3/9/2004
2828,12/11/1996
5723,6/24/2009
5827,1/5/2010
5134,12/28/2006
5283,7/25/2007
2817,11/26/1996
1192,11/7/1989
4846,10/10/2005
4537,5/4/2004
3548,1/26/2000
3948,10/31/2001
4707,2/8/2005
3257,11/3/1998
4267,3/4/2003
5713,6/10/2009
3690,9/22/2000
5956,7/5/2010
4682,1/4/2005
5117,12/5/2006
464,9/18/1986
6279,12/29/2011
5166,2/12/2007
4559,6/3/2004
1230,12/29/1989
6109,3/17/2011
3700,10/6/2000
5778,10/28/2009
4697,1/25/2005
4587,7/13/2004
3836,4/16/2001
4295,4/11/2003
4275,3/14/2003
5919,5/13/2010
6138,4/27/2011
5324,11/1/2007
5829,1/7/2010
3946,10/29/2001
736,11/16/1987
6238,11/2/2011
6162,5/31/2011
4755,4/15/2005
3824,3/29/2001
2251,5/23/1994
4818,7/13/2005
6121,4/4/2011
4914,1/12/2006
3477,10/19/1999
5475,5/30/2008
1888,11/18/1992
2838,12/25/1996
3639,6/1/2000
5401,2/18/2008
3437,7/13/1999
5170,2/16/2007
4518,4/7/2004
3595,3/31/2000
6120,4/1/2011
3929,10/4/2001
5230,5/11/2007
3586,3/20/2000
3045,11/21/1997
3069,12/25/1997
3270,11/20/1998
5800,11/27/2009
4215,12/20/2002
5041,7/10/2006
3114,2/26/1998
6212,9/27/2011
2882,2/25/1997
5722,6/23/2009
1178,10/18/1989
4625,10/15/2004
6191,7/11/2011
3062,12/16/1997
4564,6/10/2004
5422,3/18/2008
5291,9/17/2007
1,9/10/1984
4469,1/29/2004
1558,5/15/1991
5143,1/10/2007
1221,12/18/1989
3138,4/1/1998
5559,11/6/2008
1498,2/20/1991
1246,1/22/1990
3659,6/29/2000
3443,7/21/1999
778,1/13/1988
3878,6/13/2001
6265,12/9/2011
1322,5/8/1990
3040,11/14/1997
5139,1/4/2007
4237,1/21/2003
4816,7/11/2005
3914,9/13/2001
5865,2/26/2010
5353,12/12/2007
3467,10/5/1999
3844,4/26/2001
4878,11/23/2005
4263,2/26/2003
2952,6/3/1997
4139,9/5/2002
4246,2/3/2003
6240,11/4/2011
1906,12/14/1992
1837,9/8/1992
5678,4/22/2009
4630,10/22/2004
2583,11/22/1995
5832,1/12/2010
4910,1/6/2006
3065,12/19/1997
3377,4/20/1999
4594,7/22/2004
3762,1/2/2001
1295,3/30/1990
5267,7/3/2007
5863,2/24/2010
3449,9/9/1999
5944,6/17/2010
5546,10/20/2008
6130,4/15/2011
4710,2/11/2005
5945,6/18/2010
4143,9/11/2002
3732,11/21/2000
5676,4/20/2009
3212,7/14/1998
2962,6/17/1997
6227,10/18/2011
5306,10/8/2007
3640,6/2/2000
3889,6/28/2001
3458,9/22/1999
3827,4/3/2001
3921,9/24/2001
5828,1/6/2010
5128,12/20/2006
3222,9/15/1998
4789,6/2/2005
4272,3/11/2003
5596,12/29/2008
5950,6/25/2010
3689,9/21/2000
6171,6/13/2011
5039,7/6/2006
3576,3/6/2000
6221,10/10/2011
3029,10/30/1997
5875,3/12/2010
5326,11/5/2007
3203,7/1/1998
1486,2/4/1991
5900,4/16/2010
6113,3/23/2011
4577,6/29/2004
4856,10/24/2005
5537,10/7/2008
3088,1/21/1998
5229,5/10/2007
5390,2/1/2008
3023,10/22/1997
6022,11/16/2010
5959,7/8/2010
3135,3/27/1998
3122,3/10/1998
3890,6/29/2001
4871,11/14/2005
5115,12/1/2006
4666,12/13/2004
1214,12/7/1989
6053,12/29/2010
5179,3/1/2007
4959,3/16/2006
4918,1/18/2006
3231,9/28/1998
2128,12/1/1993
3373,4/14/1999
4204,12/5/2002
3705,10/13/2000
5766,10/12/2009
5611,1/19/2009
3349,3/11/1999
1175,10/13/1989
3329,2/11/1999
3031,11/3/1997
4339,6/12/2003
3225,9/18/1998
3356,3/22/1999
523,12/10/1986
3826,4/2/2001
3569,2/24/2000
5806,12/7/2009
1659,11/14/1991
4514,4/1/2004
1190,11/3/1989
2629,1/25/1996
4544,5/13/2004
4041,3/11/2002
1630,10/4/1991
1197,11/14/1989
3054,12/4/1997
3198,6/24/1998
3521,12/20/1999
3058,12/10/1997
6090,2/18/2011
3565,2/18/2000
4152,9/24/2002
3435,7/9/1999
5246,6/4/2007
5085,10/20/2006
6201,7/25/2011
1887,11/17/1992
5709,6/4/2009
4154,9/26/2002
5108,11/22/2006
5818,12/23/2009
5050,7/21/2006
5669,4/9/2009
5654,3/19/2009
371,2/10/1986
5511,7/21/2008
4865,11/4/2005
5638,2/25/2009
2827,12/10/1996
2947,5/27/1997
5536,10/6/2008
3716,10/30/2000
3933,10/10/2001
5256,6/18/2007
3423,6/23/1999
2686,4/15/1996
5997,10/12/2010
3324,2/4/1999
5540,10/10/2008
4632,10/26/2004
4944,2/23/2006
4948,3/1/2006
4353,7/2/2003
3868,5/30/2001
5344,11/29/2007
2955,6/6/1997
5461,5/12/2008
5221,4/30/2007
3934,10/11/2001
3532,1/4/2000
4346,6/23/2003
4605,9/17/2004
5578,12/3/2008
3662,7/4/2000
5857,2/16/2010
5939,6/10/2010
4395,10/17/2003
5834,1/14/2010
6137,4/26/2011
3381,4/26/1999
1185,10/27/1989
5423,3/19/2008
6213,9/28/2011
3784,2/1/2001
3674,7/20/2000
3025,10/24/1997
5076,10/9/2006
3450,9/10/1999
5161,2/5/2007
5298,9/26/2007
3917,9/18/2001
3456,9/20/1999
2207,3/22/1994
3206,7/6/1998
5319,10/25/2007
5187,3/13/2007
3857,5/15/2001
5934,6/3/2010
4509,3/25/2004
3560,2/11/2000
3694,9/28/2000
3146,4/13/1998
3870,6/1/2001
3384,4/29/1999
3667,7/11/2000
3351,3/15/1999
4343,6/18/2003
3781,1/29/2001
4194,11/21/2002
4859,10/27/2005
3500,11/19/1999
3294,12/24/1998
1104,5/25/1989
2920,4/18/1997
5632,2/17/2009
3649,6/15/2000
3551,1/31/2000
57,11/27/1984
3915,9/14/2001
5407,2/26/2008
4232,1/14/2003
2752,7/16/1996
6089,2/17/2011
2812,11/19/1996
3145,4/10/1998
3867,5/29/2001
4491,3/1/2004
5852,2/9/2010
1170,10/6/1989
4799,6/16/2005
5695,5/15/2009
5190,3/16/2007
3837,4/17/2001
5154,1/25/2007
3787,2/6/2001
5029,6/22/2006
2979,7/10/1997
3431,7/5/1999
5539,10/9/2008
3814,3/15/2001
2580,11/17/1995
6096,2/28/2011
5027,6/20/2006
4570,6/18/2004
2855,1/17/1997
5629,2/12/2009
4332,6/3/2003
3094,1/29/1998
5633,2/18/2009
4899,12/22/2005
3171,5/18/1998
5691,5/11/2009
6013,11/3/2010
4189,11/14/2002
4315,5/9/2003
5535,10/3/2008
3364,4/1/1999
4389,10/9/2003
4176,10/28/2002
6063,1/12/2011
3301,1/4/1999
4898,12/21/2005
5682,4/28/2009
4162,10/8/2002
311,11/18/1985
5231,5/14/2007
5414,3/6/2008
5106,11/20/2006
5637,2/24/2009
4078,5/1/2002
3670,7/14/2000
3802,2/27/2001
5402,2/19/2008
3310,1/15/1999
3219,9/10/1998
4399,10/23/2003
4251,2/10/2003
5203,4/4/2007
5974,7/29/2010
5362,12/25/2007
4262,2/25/2003
2985,7/18/1997
5858,2/17/2010
2808,11/13/1996
5454,5/1/2008
5288,9/12/2007
1294,3/29/1990
5047,7/18/2006
3965,11/23/2001
4301,4/21/2003
5639,2/26/2009
3742,12/5/2000
5357,12/18/2007
5387,1/29/2008
4525,4/16/2004
4713,2/16/2005
3398,5/19/1999
4912,1/10/2006
4991,5/1/2006
3918,9/19/2001
3489,11/4/1999
5859,2/18/2010
3096,2/2/1998
5901,4/19/2010
3758,12/27/2000
5743,7/22/2009
2055,7/9/1993
3813,3/14/2001
3932,10/9/2001
4901,12/26/2005
5465,5/16/2008
3391,5/10/1999
4857,10/25/2005
5717,6/16/2009
2780,10/4/1996
6254,11/24/2011
4473,2/4/2004
6198,7/20/2011
2635,2/2/1996
2857,1/21/1997
4574,6/24/2004
5989,9/30/2010
3770,1/12/2001
3545,1/21/2000
4508,3/24/2004
3767,1/9/2001
5592,12/23/2008
5594,12/25/2008
2868,2/5/1997
5325,11/2/2007
4523,4/14/2004
5438,4/9/2008
6059,1/6/2011
1791,5/18/1992
5491,6/23/2008
5498,7/2/2008
2619,1/11/1996
4104,6/6/2002
1421,11/5/1990
3207,7/7/1998
5972,7/27/2010
3975,12/7/2001
4610,9/24/2004
6031,11/29/2010
4360,7/11/2003
2670,3/22/1996
3938,10/17/2001
3308,1/13/1999
5073,10/4/2006
5493,6/25/2008
5699,5/21/2009
5184,3/8/2007
5037,7/4/2006
3843,4/25/2001
5477,6/3/2008
4986,4/24/2006
4845,10/7/2005
6300,1/27/2012
4641,11/8/2004
5216,4/23/2007
6102,3/8/2011
5898,4/14/2010
3049,11/27/1997
3013,10/8/1997
4869,11/10/2005
3345,3/5/1999
5983,9/22/2010
6030,11/26/2010
3116,3/2/1998
5141,1/8/2007
5848,2/3/2010
6235,10/28/2011
3871,6/4/2001
6041,12/13/2010
4671,12/20/2004
5294,9/20/2007
4231,1/13/2003
2976,7/7/1997
1193,11/8/1989
2924,4/24/1997
3354,3/18/1999
3468,10/6/1999
6277,12/27/2011
4147,9/17/2002
4086,5/13/2002
3750,12/15/2000
2358,11/30/1994
4307,4/29/2003
6255,11/25/2011
6095,2/25/2011
5320,10/26/2007
5486,6/16/2008
3188,6/10/1998
2514,7/6/1995
4527,4/20/2004
3631,5/22/2000
2949,5/29/1997
3743,12/6/2000
6083,2/9/2011
5160,2/2/2007
6237,11/1/2011
6082,2/8/2011
2811,11/18/1996
5689,5/7/2009
66,12/10/1984
5500,7/4/2008
2902,3/25/1997
3155,4/24/1998
4317,5/13/2003
3875,6/8/2001
4652,11/23/2004
4367,9/9/2003
1105,5/26/1989
2943,5/21/1997
4235,1/17/2003
3896,7/9/2001
5747,9/15/2009
5449,4/24/2008
4983,4/19/2006
4716,2/21/2005
3653,6/21/2000
3620,5/5/2000
3735,11/24/2000
6165,6/3/2011
3851,5/7/2001
4776,5/16/2005
4164,10/10/2002
4093,5/22/2002
5093,11/1/2006
6052,12/28/2010
5877,3/16/2010
5130,12/22/2006
1152,9/12/1989
3282,12/8/1998
4831,9/19/2005
3374,4/15/1999
3523,12/22/1999
3964,11/22/2001
5572,11/25/2008
4823,7/20/2005
5740,7/17/2009
5590,12/19/2008
3850,5/4/2001
5261,6/25/2007
4718,2/23/2005
6284,1/5/2012
6281,1/2/2012
5571,11/24/2008
3538,1/12/2000
505,11/14/1986
4166,10/14/2002
4208,12/11/2002
3421,6/21/1999
5933,6/2/2010
4928,2/1/2006
3887,6/26/2001
4505,3/19/2004
3655,6/23/2000
1331,5/21/1990
5836,1/18/2010
3452,9/14/1999
4970,3/31/2006
5994,10/7/2010
4701,1/31/2005
4715,2/18/2005
3597,4/4/2000
4186,11/11/2002
4961,3/20/2006
4474,2/5/2004
3068,12/24/1997
5662,3/31/2009
3638,5/31/2000
6153,5/18/2011
4393,10/15/2003
2813,11/20/1996
484,10/16/1986
5655,3/20/2009
5553,10/29/2008
5700,5/22/2009
4221,12/30/2002
3908,9/5/2001
1339,5/31/1990
4241,1/27/2003
3570,2/25/2000
3226,9/21/1998
5519,9/11/2008
3204,7/2/1998
1239,1/11/1990
5469,5/22/2008
3611,4/24/2000
3852,5/8/2001
3325,2/5/1999
1654,11/7/1991
3941,10/22/2001
3542,1/18/2000
3605,4/14/2000
1300,4/6/1990
6200,7/22/2011
3344,3/4/1999
1102,5/23/1989
5659,3/26/2009
3567,2/22/2000
533,12/24/1986
6073,1/26/2011
3637,5/30/2000
3326,2/8/1999
5739,7/16/2009
3028,10/29/1997
1257,2/6/1990
4475,2/6/2004
5982,9/21/2010
3652,6/20/2000
5636,2/23/2009
5404,2/21/2008
5514,7/24/2008
4855,10/21/2005
3972,12/4/2001
3879,6/14/2001
5711,6/8/2009
3047,11/25/1997
4296,4/14/2003
2585,11/24/1995
2883,2/26/1997
5232,5/15/2007
6296,1/23/2012
2898,3/19/1997
5861,2/22/2010
4190,11/15/2002
3906,9/3/2001
4333,6/4/2003
4226,1/6/2003
5378,1/16/2008
3508,12/1/1999
278,10/2/1985
4528,4/21/2004
5186,3/12/2007
5398,2/13/2008
4977,4/11/2006
3744,12/7/2000
4276,3/17/2003
3174,5/21/1998
1874,10/29/1992
5053,7/26/2006
5866,3/1/2010
4341,6/16/2003
3474,10/14/1999
2844,1/2/1997
6289,1/12/2012
5118,12/6/2006
3187,6/9/1998
5473,5/28/2008
4247,2/4/2003
5112,11/28/2006
3244,10/15/1998
5672,4/14/2009
3097,2/3/1998
2997,9/16/1997
5313,10/17/2007
3192,6/16/1998
5917,5/11/2010
4868,11/9/2005
3977,12/11/2001
4350,6/27/2003
4841,10/3/2005
5566,11/17/2008
4694,1/20/2005
3182,6/2/1998
1884,11/12/1992
3472,10/12/1999
5520,9/12/2008
5040,7/7/2006
5741,7/20/2009
5731,7/6/2009
1905,12/11/1992
3627,5/16/2000
4916,1/16/2006
5588,12/17/2008
2847,1/7/1997
3801,2/26/2001
6024,11/18/2010
4459,1/15/2004
4915,1/13/2006
5603,1/7/2009
2845,1/3/1997
3646,6/12/2000
5745,7/24/2009
5445,4/18/2008
5805,12/4/2009
5259,6/21/2007
5529,9/25/2008
3416,6/14/1999
3346,3/8/1999
5224,5/3/2007
3280,12/4/1998
3119,3/5/1998
4560,6/4/2004
5386,1/28/2008
3281,12/7/1998
3210,7/10/1998
4683,1/5/2005
5570,11/21/2008
3190,6/12/1998
3910,9/7/2001
3951,11/5/2001
4569,6/17/2004
3880,6/15/2001
1309,4/19/1990
4734,3/17/2005
5786,11/9/2009
4205,12/6/2002
4172,10/22/2002
3248,10/21/1998
5020,6/9/2006
3817,3/20/2001
5147,1/16/2007
6234,10/27/2011
2866,2/3/1997
4889,12/8/2005
3199,6/25/1998
4248,2/5/2003
1266,2/19/1990
5263,6/27/2007
3721,11/6/2000
5258,6/20/2007
6057,1/4/2011
6169,6/9/2011
5068,9/27/2006
4488,2/25/2004
4672,12/21/2004
3307,1/12/1999
5714,6/11/2009
5541,10/13/2008
3126,3/16/1998
5496,6/30/2008
4615,10/1/2004
5726,6/29/2009
3484,10/28/1999
6276,12/26/2011
5209,4/12/2007
3642,6/6/2000
3601,4/10/2000
4516,4/5/2004
2875,2/14/1997
4997,5/9/2006
4492,3/2/2004
962,11/8/1988
5703,5/27/2009
2352,11/22/1994
4656,11/29/2004
3848,5/2/2001
3194,6/18/1998
5706,6/1/2009
3651,6/19/2000
786,1/25/1988
5718,6/17/2009
6033,12/1/2010
3529,12/30/1999
279,10/3/1985
3072,12/30/1997
1424,11/8/1990
4202,12/3/2002
5658,3/25/2009
4486,2/23/2004
3493,11/10/1999
3414,6/10/1999
3132,3/24/1998
5367,1/1/2008
3585,3/17/2000
2346,11/14/1994
571,2/16/1987
5104,11/16/2006
5727,6/30/2009
5618,1/28/2009
2926,4/28/1997
4769,5/5/2005
5769,10/15/2009
5610,1/16/2009
5300,9/28/2007
4604,9/16/2004
4391,10/13/2003
2781,10/7/1996
4685,1/7/2005
4199,11/28/2002
3562,2/15/2000
3899,7/12/2001
3845,4/27/2001
3075,1/2/1998
5217,4/24/2007
3052,12/2/1997
3668,7/12/2000
4042,3/12/2002
1932,1/19/1993
5684,4/30/2009
4886,12/5/2005
6157,5/24/2011
3603,4/12/2000
4363,7/16/2003
6286,1/9/2012
6080,2/4/2011
3419,6/17/1999
3309,1/14/1999
5497,7/1/2008
1945,2/5/1993
3791,2/12/2001
5635,2/20/2009
6251,11/21/2011
3754,12/21/2000
4453,1/7/2004
4809,6/30/2005
5268,7/4/2007
4676,12/27/2004
5470,5/23/2008
4590,7/16/2004
1862,10/13/1992
5732,7/7/2009
2846,1/6/1997
5685,5/1/2009
4359,7/10/2003
1325,5/11/1990
4540,5/7/2004
4181,11/4/2002
5463,5/14/2008
5450,4/25/2008
6021,11/15/2010
5030,6/23/2006
5,9/14/1984
3684,9/14/2000
3105,2/13/1998
5403,2/20/2008
5652,3/17/2009
3250,10/23/1998
6179,6/23/2011
4567,6/15/2004
2779,10/3/1996
4917,1/17/2006
4933,2/8/2006
5202,4/3/2007
2680,4/5/1996
5446,4/21/2008
6164,6/2/2011
67,12/11/1984
3236,10/5/1998
2378,12/28/1994
6001,10/18/2010
5380,1/18/2008
4906,1/2/2006
3727,11/14/2000
5751,9/21/2009
6042,12/14/2010
3970,11/30/2001
5849,2/4/2010
4860,10/28/2005
5004,5/18/2006
3121,3/9/1998
4727,3/8/2005
740,11/20/1987
276,9/30/1985
2904,3/27/1997
5698,5/20/2009
5384,1/24/2008
5026,6/19/2006
5642,3/3/2009
1653,11/6/1991
6190,7/8/2011
5222,5/1/2007
5883,3/24/2010
4791,6/6/2005
5056,9/11/2006
1271,2/26/1990
4926,1/30/2006
5471,5/26/2008
4526,4/19/2004
4966,3/27/2006
619,4/23/1987
3079,1/8/1998
3683,9/13/2000
4773,5/11/2005
3027,10/28/1997
3448,9/8/1999
6232,10/25/2011
5091,10/30/2006
4907,1/3/2006
4736,3/21/2005
3332,2/16/1999
2989,9/4/1997
4972,4/4/2006
5054,7/27/2006
3945,10/26/2001
5602,1/6/2009
5012,5/30/2006
6086,2/14/2011
777,1/12/1988
5780,10/30/2009
3841,4/23/2001
3876,6/11/2001
5247,6/5/2007
3835,4/13/2001
5608,1/14/2009
4286,3/31/2003
2872,2/11/1997
5303,10/3/2007
5015,6/2/2006
4600,9/10/2004
3016,10/13/1997
2972,7/1/1997
3156,4/27/1998
6215,9/30/2011
4591,7/19/2004
2953,6/4/1997
4922,1/24/2006
3496,11/15/1999
3891,7/2/2001
5538,10/8/2008
4303,4/23/2003
6111,3/21/2011
5412,3/4/2008
3524,12/23/1999
3661,7/3/2000
4539,5/6/2004
4556,5/31/2004
4290,4/4/2003
5413,3/5/2008
4136,9/2/2002
2978,7/9/1997
6266,12/12/2011
5910,4/30/2010
4168,10/16/2002
4964,3/23/2006
6012,11/2/2010
4743,3/30/2005
5762,10/6/2009
312,11/19/1985
4737,3/22/2005
5458,5/7/2008
2117,11/16/1993
5564,11/13/2008
3920,9/21/2001
4635,10/29/2004
3133,3/25/1998
5162,2/6/2007
3525,12/24/1999
4529,4/22/2004
5494,6/26/2008
1106,5/29/1989
4994,5/4/2006
6167,6/7/2011
4771,5/9/2005
4322,5/20/2003
2841,12/30/1996
1224,12/21/1989
5441,4/14/2008
1639,10/17/1991
4532,4/27/2004
5462,5/13/2008
6173,6/15/2011
2897,3/18/1997
3143,4/8/1998
4572,6/22/2004
5157,1/30/2007
4624,10/14/2004
4675,12/24/2004
3497,11/16/1999
1319,5/3/1990
4187,11/12/2002
3446,9/6/1999
5072,10/3/2006
5561,11/10/2008
4888,12/7/2005
4614,9/30/2004
5665,4/3/2009
3033,11/5/1997
3283,12/9/1998
2354,11/24/1994
5909,4/29/2010
4157,10/1/2002
3001,9/22/1997
4271,3/10/2003
2940,5/16/1997
5250,6/8/2007
5274,7/12/2007
5963,7/14/2010
3882,6/19/2001
5960,7/9/2010
6027,11/23/2010
5951,6/28/2010
2,9/11/1984
4969,3/30/2006
3235,10/2/1998
5066,9/25/2006
3166,5/11/1998
4266,3/3/2003
4144,9/12/2002
3368,4/7/1999
2974,7/3/1997
3228,9/23/1998
2915,4/11/1997
3553,2/2/2000
3913,9/12/2001
3741,12/4/2000
5480,6/6/2008
3304,1/7/1999
5845,1/29/2010
6149,5/12/2011
3111,2/23/1998
4242,1/28/2003
3420,6/18/1999
5947,6/22/2010
6261,12/5/2011
6253,11/23/2011
4130,7/12/2002
5345,11/30/2007
4623,10/13/2004
4684,1/6/2005
4679,12/30/2004
4581,7/5/2004
6093,2/23/2011
5586,12/15/2008
4598,9/8/2004
5803,12/2/2009
6166,6/6/2011
6183,6/29/2011
5620,1/30/2009
6023,11/17/2010
2983,7/16/1997
6084,2/10/2011
3464,9/30/1999
3755,12/22/2000
3630,5/19/2000
5615,1/23/2009
5704,5/28/2009
3020,10/17/1997
482,10/14/1986
3807,3/6/2001
1889,11/19/1992
5988,9/29/2010
4188,11/13/2002
6186,7/4/2011
6241,11/7/2011
4547,5/18/2004
2860,1/24/1997
5715,6/12/2009
6092,2/22/2011
1237,1/9/1990
3739,11/30/2000
5557,11/4/2008
5897,4/13/2010
4503,3/17/2004
1318,5/2/1990
2834,12/19/1996
4638,11/4/2004
4534,4/29/2004
65,12/7/1984
6006,10/25/2010
3858,5/16/2001
4175,10/25/2002
3242,10/13/1998
1427,11/13/1990
4558,6/2/2004
4867,11/8/2005
3059,12/11/1997
5549,10/23/2008
4153,9/25/2002
5155,1/26/2007
501,11/10/1986
4454,1/8/2004
4229,1/9/2003
5433,4/2/2008
4742,3/29/2005
4891,12/12/2005
5970,7/23/2010
3407,6/1/1999
2669,3/21/1996
4297,4/15/2003
4351,6/30/2003
4661,12/6/2004
3223,9/16/1998
4281,3/24/2003
897,6/28/1988
4827,9/13/2005
2809,11/14/1996
2578,11/15/1995
5148,1/17/2007
3476,10/18/1999
3200,6/26/1998
6177,6/21/2011
2895,3/14/1997
1882,11/10/1992
5517,9/9/2008
5891,4/5/2010
2959,6/12/1997
6062,1/11/2011
3341,3/1/1999
4310,5/2/2003
4490,2/27/2004
2038,6/16/1993
5125,12/15/2006
3007,9/30/1997
3120,3/6/1998
12,9/25/1984
5811,12/14/2009
3526,12/27/1999
4223,1/1/2003
3076,1/5/1998
4173,10/23/2002
3949,11/1/2001
3904,7/19/2001
1324,5/10/1990
500,11/7/1986
3201,6/29/1998
4169,10/17/2002
5304,10/4/2007
3707,10/17/2000
2936,5/12/1997
6081,2/7/2011
4634,10/28/2004
6290,1/13/2012
2862,1/28/1997
6243,11/9/2011
6056,1/3/2011
4236,1/20/2003
5489,6/19/2008
3333,2/17/1999
3110,2/20/1998
3829,4/5/2001
4320,5/16/2003
4980,4/14/2006
6188,7/6/2011
4932,2/7/2006
5388,1/30/2008
3137,3/31/1998
4592,7/20/2004
4967,3/28/2006
3067,12/23/1997
5337,11/20/2007
5377,1/15/2008
5330,11/9/2007
5671,4/13/2009
3455,9/17/1999
5095,11/3/2006
5364,12/27/2007
4336,6/9/2003
370,2/7/1986
6115,3/25/2011
6280,12/30/2011
4811,7/4/2005
2628,1/24/1996
5309,10/11/2007
1281,3/12/1990
5245,6/1/2007
5952,6/29/2010
3711,10/23/2000
3699,10/5/2000
4840,9/30/2005
5240,5/25/2007
1272,2/27/1990
6099,3/3/2011
6257,11/29/2011
5043,7/12/2006
4293,4/9/2003
3693,9/27/2000
3390,5/7/1999
6194,7/14/2011
4646,11/15/2004
1660,11/15/1991
1236,1/8/1990
3412,6/8/1999
4358,7/9/2003
3600,4/7/2000
3810,3/9/2001
5907,4/27/2010
5584,12/11/2008
3299,12/31/1998
2867,2/4/1997
3799,2/22/2001
1262,2/13/1990
2620,1/12/1996
5336,11/19/2007
3756,12/25/2000
3527,12/28/1999
5784,11/5/2009
5902,4/20/2010
3459,9/23/1999
5340,11/23/2007
56,11/26/1984
779,1/14/1988
4500,3/12/2004
3134,3/26/1998
4240,1/24/2003
6007,10/26/2010
4233,1/15/2003
6123,4/6/2011
4369,9/11/2003
4596,9/6/2004
5550,10/24/2008
2048,6/30/1993
3197,6/23/1998
2753,7/17/1996
1525,3/29/1991
3150,4/17/1998
5322,10/30/2007
5417,3/11/2008
3663,7/5/2000
5738,7/15/2009
3383,4/28/1999
4096,5/27/2002
2913,4/9/1997
5579,12/4/2008
1150,9/8/1989
3512,12/7/1999
4640,11/6/2004
6246,11/14/2011
4790,6/3/2005
3215,7/17/1998
2039,6/17/1993
6170,6/10/2011
5075,10/6/2006
1652,11/5/1991
5008,5/24/2006
4462,1/20/2004
4289,4/3/2003
4717,2/22/2005
3357,3/23/1999
4589,7/15/2004
3360,3/26/1999
1907,12/15/1992
3273,11/25/1998
314,11/21/1985
2631,1/29/1996
2584,11/23/1995
5552,10/28/2008
5400,2/15/2008
1651,11/4/1991
5808,12/9/2009
3410,6/4/1999
5415,3/7/2008
5597,12/30/2008
5992,10/5/2010
3760,12/29/2000
1158,9/20/1989
4670,12/17/2004
3748,12/13/2000
1241,1/15/1990
3615,4/28/2000
4801,6/20/2005
6142,5/3/2011
4897,12/20/2005
5285,7/27/2007
5556,11/3/2008
3884,6/21/2001
5394,2/7/2008
3306,1/11/1999
1474,1/17/1991
4839,9/29/2005
3262,11/10/1998
5276,7/16/2007
4995,5/5/2006
2911,4/7/1997
3462,9/28/1999
5790,11/13/2009
4814,7/7/2005
3098,2/4/1998
4224,1/2/2003
4334,6/5/2003
3518,12/15/1999
3337,2/23/1999
5737,7/14/2009
5192,3/20/2007
3571,2/28/2000
4460,1/16/2004
5273,7/11/2007
5631,2/16/2009
5142,1/9/2007
780,1/15/1988
4273,3/12/2003
4225,1/3/2003
3979,12/13/2001
6075,1/28/2011
3552,2/1/2000
4992,5/2/2006
5196,3/26/2007
4077,4/30/2002
3633,5/24/2000
5844,1/28/2010
4209,12/12/2002
3947,10/30/2001
5034,6/29/2006
4616,10/4/2004
3314,1/21/1999
5265,6/29/2007
3722,11/7/2000
5099,11/9/2006
2673,3/27/1996
5853,2/10/2010
1200,11/17/1989
6216,10/3/2011
3486,11/1/1999
5515,7/25/2008
3860,5/18/2001
5991,10/4/2010
3319,1/28/1999
5439,4/10/2008
1790,5/15/1992
3672,7/18/2000
4557,6/1/2004
2850,1/10/1997
3719,11/2/2000
2677,4/2/1996
4942,2/21/2006
5432,4/1/2008
63,12/5/1984
5251,6/11/2007
5809,12/10/2009
4298,4/16/2003
3253,10/28/1998
5372,1/8/2008
4388,10/8/2003
5787,11/10/2009
3091,1/26/1998
5488,6/18/2008
2942,5/20/1997
3353,3/17/1999
3157,4/28/1998
3158,4/29/1998
5697,5/19/2009
4138,9/4/2002
3439,7/15/1999
2946,5/26/1997
6178,6/22/2011
3160,5/1/1998
5042,7/11/2006
5942,6/15/2010
3641,6/5/2000
4633,10/27/2004
2922,4/22/1997
5868,3/3/2010
5614,1/22/2009
4470,1/30/2004
3077,1/6/1998
4821,7/18/2005
4083,5/8/2002
367,2/4/1986
5782,11/3/2009
5255,6/15/2007
5009,5/25/2006
4674,12/23/2004
2966,6/23/1997
2512,7/4/1995
4571,6/21/2004
4763,4/27/2005
3862,5/22/2001
3901,7/16/2001
4830,9/16/2005
5109,11/23/2006
3789,2/8/2001
4659,12/2/2004
3311,1/18/1999
5082,10/17/2006
5966,7/19/2010
5573,11/26/2008
5198,3/28/2007
3676,9/4/2000
4945,2/24/2006
3046,11/24/1997
5116,12/4/2006
4804,6/23/2005
3963,11/21/2001
6139,4/28/2011
3828,4/4/2001
5289,9/13/2007
1196,11/13/1989
4884,12/1/2005
4611,9/27/2004
2347,11/15/1994
4210,12/13/2002
5126,12/18/2006
6210,9/23/2011
4777,5/17/2005
4711,2/14/2005
3246,10/19/1998
3465,10/1/1999
3645,6/9/2000
3715,10/27/2000
1330,5/18/1990
5036,7/3/2006
4655,11/26/2004
3507,11/30/1999
5677,4/21/2009
4620,10/8/2004
5761,10/5/2009
5007,5/23/2006
5627,2/10/2009
2674,3/28/1996
4678,12/29/2004
4294,4/10/2003
5882,3/23/2010
3022,10/21/1997
5233,5/16/2007
5395,2/8/2008
3691,9/25/2000
2956,6/9/1997
4963,3/22/2006
1655,11/8/1991
3877,6/12/2001
3492,11/9/1999
5286,9/10/2007
3371,4/12/1999
5427,3/25/2008
5765,10/9/2009
5206,4/9/2007
4193,11/20/2002
5168,2/14/2007
5819,12/24/2009
6136,4/25/2011
4457,1/13/2004
5532,9/30/2008
5616,1/26/2009
6180,6/24/2011
3531,1/3/2000
3505,11/26/1999
5185,3/9/2007
3678,9/6/2000
4538,5/5/2004
2760,9/6/1996
3935,10/12/2001
5707,6/2/2009
2129,12/2/1993
3976,12/10/2001
5405,2/22/2008
1147,9/5/1989
3044,11/20/1997
1793,5/20/1992
2996,9/15/1997
5122,12/12/2006
3602,4/11/2000
6055,12/31/2010
4750,4/8/2005
5833,1/13/2010
3713,10/25/2000
5870,3/5/2010
3712,10/24/2000
3765,1/5/2001
5764,10/8/2009
3417,6/15/1999
3,9/12/1984
4690,1/14/2005
3092,1/27/1998
5182,3/6/2007
2856,1/20/1997
6107,3/15/2011
3702,10/10/2000
4255,2/14/2003
6272,12/20/2011
2353,11/23/1994
3413,6/9/1999
3019,10/16/1997
5057,9/12/2006
5918,5/12/2010
5948,6/23/2010
3625,5/12/2000
4834,9/22/2005
4780,5/20/2005
4673,12/22/2004
4464,1/22/2004
2854,1/16/1997
1326,5/14/1990
5621,2/2/2009
3279,12/3/1998
6038,12/8/2010
4456,1/12/2004
6039,12/9/2010
3330,2/12/1999
6067,1/18/2011
4536,5/3/2004
4725,3/4/2005
4822,7/19/2005
2759,9/5/1996
2357,11/29/1994
5892,4/6/2010
5524,9/18/2008
3438,7/14/1999
5349,12/6/2007
6205,7/29/2011
4954,3/9/2006
4649,11/18/2004
620,4/24/1987
5399,2/14/2008
3679,9/7/2000
1312,4/24/1990
3657,6/27/2000
3106,2/16/1998
3316,1/25/1999
902,7/5/1988
5350,12/7/2007
4989,4/27/2006
5078,10/11/2006
5864,2/25/2010
4316,5/12/2003
3460,9/24/1999
68,12/12/1984
3271,11/23/1998
3249,10/22/1998
4692,1/18/2005
5379,1/17/2008
3230,9/25/1998
2150,12/31/1993
4533,4/28/2004
4397,10/21/2003
3318,1/27/1999
3522,12/21/1999
2932,5/6/1997
6298,1/25/2012
3418,6/16/1999
3387,5/4/1999
4731,3/14/2005
3839,4/19/2001
3037,11/11/1997
6032,11/30/2010
3664,7/6/2000
3366,4/5/1999
6249,11/17/2011
3503,11/24/1999
5428,3/26/2008
5613,1/21/2009
2123,11/24/1993
5776,10/26/2009
5368,1/2/2008
5156,1/29/2007
4941,2/20/2006
4102,6/4/2002
3293,12/23/1998
3819,3/22/2001
3352,3/16/1999
5455,5/2/2008
5410,2/29/2008
5641,3/2/2009
3348,3/10/1999
3159,4/30/1998
5843,1/27/2010
6133,4/20/2011
5208,4/11/2007
4729,3/10/2005
5873,3/10/2010
3831,4/9/2001
2842,12/31/1996
3897,7/10/2001
6224,10/13/2011
3347,3/9/1999
3806,3/5/2001
4739,3/24/2005
5479,6/5/2008
4723,3/2/2005
2918,4/16/1997
4778,5/18/2005
3297,12/29/1998
3261,11/9/1998
5136,1/1/2007
3350,3/12/1999
2121,11/22/1993
5293,9/19/2007
6097,3/1/2011
4741,3/28/2005
4170,10/18/2002
5391,2/4/2008
4993,5/3/2006
2627,1/23/1996
3701,10/9/2000
2826,12/9/1996
3803,2/28/2001
3761,1/1/2001
2984,7/17/1997
5165,2/9/2007
3090,1/23/1998
309,11/14/1985
2890,3/7/1997
6047,12/21/2010
2999,9/18/1997
3378,4/21/1999
1883,11/11/1992
6154,5/19/2011
6220,10/7/2011
3342,3/2/1999
6119,3/31/2011
5338,11/21/2007
5382,1/22/2008
2858,1/22/1997
1332,5/22/1990
3847,5/1/2001
6117,3/29/2011
3336,2/22/1999
3966,11/26/2001
1327,5/15/1990
5736,7/13/2009
5895,4/9/2010
4524,4/15/2004
3797,2/20/2001
1238,1/10/1990
4939,2/16/2006
4760,4/22/2005
4593,7/21/2004
5219,4/26/2007
2143,12/22/1993
6046,12/20/2010
4314,5/8/2003
4836,9/26/2005
3180,5/29/1998
5937,6/8/2010
5640,2/27/2009
4452,1/6/2004
3275,11/27/1998
6263,12/7/2011
5656,3/23/2009
2881,2/24/1997
5506,7/14/2008
2896,3/17/1997
4807,6/28/2005
4396,10/20/2003
3073,12/31/1997
5941,6/14/2010
3502,11/23/1999
4151,9/23/2002
3055,12/5/1997
5995,10/8/2010
4498,3/10/2004
1320,5/4/1990
758,12/9/1987
3100,2/6/1998
3185,6/5/1998
5869,3/4/2010
5576,12/1/2008
3142,4/7/1998
2873,2/12/1997
4765,4/29/2005
5396,2/11/2008
1426,11/12/1990
5674,4/16/2009
6145,5/6/2011
3397,5/18/1999
5097,11/7/2006
3380,4/23/1999
3624,5/11/2000
2910,4/4/1997
1273,2/28/1990
3405,5/28/1999
3675,7/21/2000
3335,2/19/1999
3599,4/6/2000
2116,11/15/1993
2970,6/27/1997
3555,2/4/2000
2998,9/17/1997
2571,11/6/1995
963,11/9/1988
3612,4/25/2000
6071,1/24/2011
4824,7/21/2005
3161,5/4/1998
4833,9/21/2005
3444,7/22/1999
6064,1/13/2011
3483,10/27/1999
965,11/11/1988
3125,3/13/1998
4370,9/12/2003
1425,11/9/1990
3558,2/9/2000
607,4/7/1987
5456,5/5/2008
3363,3/31/1999
4908,1/4/2006
1240,1/12/1990
4744,3/31/2005
4904,12/29/2005
2944,5/22/1997
5133,12/27/2006
4504,3/18/2004
5299,9/27/2007
3718,11/1/2000
733,11/11/1987
6105,3/11/2011
3117,3/3/1998
2865,1/31/1997
4288,4/2/2003
4573,6/23/2004
3763,1/3/2001
3395,5/14/1999
502,11/11/1986
4733,3/16/2005
3539,1/13/2000
4163,10/9/2002
4562,6/8/2004
3372,4/13/1999
5105,11/17/2006
5343,11/28/2007
6236,10/31/2011
5890,4/2/2010
4792,6/7/2005
3912,9/11/2001
3706,10/16/2000
2577,11/14/1995
3635,5/26/2000
3549,1/27/2000
5248,6/6/2007
5749,9/17/2009
4603,9/15/2004
970,11/18/1988
5087,10/24/2006
3221,9/14/1998
5312,10/16/2007
4767,5/3/2005
5842,1/26/2010
3546,1/24/2000
3614,4/27/2000
3415,6/11/1999
3218,9/9/1998
4784,5/26/2005
2869,2/6/1997
2870,2/7/1997
504,11/13/1986
2901,3/24/1997
4872,11/15/2005
2831,12/16/1996
3726,11/13/2000
3942,10/23/2001
4219,12/26/2002
4195,11/22/2002
4515,4/2/2004
2758,9/4/1996
5140,1/5/2007
3024,10/23/1997
2015,5/14/1993
5359,12/20/2007
5940,6/11/2010
6155,5/20/2011
4924,1/26/2006
4665,12/10/2004
1422,11/6/1990
2810,11/15/1996
6108,3/16/2011
3568,2/23/2000
1198,11/15/1989
3703,10/11/2000
4722,3/1/2005
6218,10/5/2011
6214,9/29/2011
4545,5/14/2004
4466,1/26/2004
4660,12/3/2004
3840,4/20/2001
2839,12/26/1996
5505,7/11/2008
4269,3/6/2003
3115,2/27/1998
3426,6/28/1999
5019,6/8/2006
4703,2/2/2005
5598,12/31/2008
6050,12/24/2010
3099,2/5/1998
1265,2/16/1990
3445,7/23/1999
4321,5/19/2003
6269,12/15/2011
3104,2/12/1998
5492,6/24/2008
4874,11/17/2005
5528,9/24/2008
4971,4/3/2006
3149,4/16/1998
5023,6/14/2006
3290,12/18/1998
5675,4/17/2009
3584,3/16/2000
3687,9/19/2000
4323,5/21/2003
3514,12/9/1999
4327,5/27/2003
5649,3/12/2009
3971,12/3/2001
2941,5/19/1997
5607,1/13/2009
3695,9/29/2000
4934,2/9/2006
5228,5/9/2007
4270,3/7/2003
5176,2/26/2007
368,2/5/1986
5753,9/23/2009
4681,1/3/2005
4949,3/2/2006
3082,1/13/1998
5316,10/22/2007
4911,1/9/2006
4032,2/26/2002
3078,1/7/1998
5587,12/16/2008
2933,5/7/1997
3313,1/20/1999
4847,10/11/2005
6285,1/6/2012
3039,11/13/1997
5021,6/12/2006
5060,9/15/2006
5664,4/2/2009
6126,4/11/2011
5339,11/22/2007
5670,4/10/2009
4848,10/12/2005
3355,3/19/1999
3900,7/13/2001
5888,3/31/2010
6247,11/15/2011
4277,3/18/2003
2543,9/27/1995
3822,3/27/2001
5266,7/2/2007
4996,5/8/2006
6259,12/1/2011
6048,12/22/2010
5333,11/14/2007
4651,11/22/2004
3266,11/16/1998
4517,4/6/2004
4198,11/27/2002
6209,9/22/2011
5725,6/26/2009
6150,5/13/2011
2624,1/18/1996
3017,10/14/1997
5264,6/28/2007
5609,1/15/2009
5275,7/13/2007
5067,9/26/2006
3849,5/3/2001
3177,5/26/1998
5650,3/13/2009
5278,7/18/2007
277,10/1/1985
3604,4/13/2000
5044,7/13/2006
4754,4/14/2005
5839,1/21/2010
5896,4/12/2010
5867,3/2/2010
3365,4/2/1999
3777,1/23/2001
5199,3/29/2007
5220,4/27/2007
3256,11/2/1998
4159,10/3/2002
5985,9/24/2010
3428,6/30/1999
5785,11/6/2009
3129,3/19/1998
5802,12/1/2009
4368,9/10/2003
5752,9/22/2009
3591,3/27/2000
5381,1/21/2008
4817,7/12/2005
6019,11/11/2010
5999,10/14/2010
5329,11/8/2007
3650,6/16/2000
5376,1/14/2008
4324,5/22/2003
3425,6/25/1999
4259,2/20/2003
1002,1/3/1989
4756,4/18/2005
4211,12/16/2002
4688,1/12/2005
3859,5/17/2001
3838,4/18/2001
2954,6/5/1997
5113,11/29/2006
4283,3/26/2003
2876,2/17/1997
2938,5/14/1997
3229,9/24/1998
4325,5/23/2003
2672,3/26/1996
5017,6/6/2006
5315,10/19/2007
6273,12/21/2011
3609,4/20/2000
4858,10/26/2005
3666,7/10/2000
3084,1/15/1998
4978,4/12/2006
4329,5/29/2003
5213,4/18/2007
310,11/15/1985
4542,5/11/2004
5911,5/3/2010
5453,4/30/2008
5558,11/5/2008
4103,6/5/2002
4257,2/18/2003
4357,7/8/2003
2840,12/27/1996
2815,11/22/1996
6262,12/6/2011
969,11/17/1988
4748,4/6/2005
3583,3/15/2000
6292,1/17/2012
4256,2/17/2003
6168,6/8/2011
3056,12/8/1997
6223,10/12/2011
4313,5/7/2003
2927,4/29/1997
3671,7/17/2000
3618,5/3/2000
5046,7/17/2006
3926,10/1/2001
4597,9/7/2004
6175,6/17/2011
4982,4/18/2006
5647,3/10/2009
3498,11/17/1999
4082,5/7/2002
3057,12/9/1997
5508,7/16/2008
2623,1/17/1996
4702,2/1/2005
4228,1/8/2003
3379,4/22/1999
5447,4/22/2008
4212,12/17/2002
3392,5/11/1999
5915,5/7/2010
5961,7/12/2010
3168,5/13/1998
4770,5/6/2005
4704,2/3/2005
3184,6/4/1998
5158,1/31/2007
3680,9/8/2000
5936,6/7/2010
4234,1/16/2003
2633,1/31/1996
2823,12/4/1996
6114,3/24/2011
4352,7/1/2003
3629,5/18/2000
3278,12/2/1998
3186,6/8/1998
5090,10/27/2006
3499,11/18/1999
4861,10/31/2005
4758,4/20/2005
4953,3/8/2006
3590,3/24/2000
5929,5/27/2010
4882,11/29/2005
1296,4/2/1990
5211,4/16/2007
3317,1/26/1999
3295,12/25/1998
5254,6/14/2007
5916,5/10/2010
3011,10/6/1997
4938,2/15/2006
6217,10/4/2011
5024,6/15/2006
4302,4/22/2003
5064,9/21/2006
5424,3/20/2008
3747,12/12/2000
5434,4/3/2008
5003,5/17/2006
280,10/4/1985
2992,9/9/1997
4885,12/2/2005
2958,6/11/1997
3012,10/7/1997
110,2/8/1985
3573,3/1/2000
1199,11/16/1989
4601,9/13/2004
4852,10/18/2005
5063,9/20/2006
1286,3/19/1990
5835,1/15/2010
1308,4/18/1990
5351,12/10/2007
5356,12/17/2007
5801,11/30/2009
3328,2/10/1999
1685,12/20/1991
5490,6/20/2008
4805,6/24/2005
3394,5/13/1999
5502,7/8/2008
4568,6/16/2004
5742,7/21/2009
5096,11/6/2006
3086,1/19/1998
5547,10/21/2008
5884,3/25/2010
4881,11/28/2005
5482,6/10/2008
3931,10/8/2001
3321,2/1/1999
3041,11/17/1997
5705,5/29/2009
6110,3/18/2011
735,11/13/1987
4554,5/27/2004
5442,4/15/2008
3183,6/3/1998
3928,10/3/2001
2906,3/31/1997
5223,5/2/2007
5534,10/2/2008
3608,4/19/2000
5604,1/8/2009
4150,9/20/2002
4196,11/25/2002
4282,3/25/2003
2050,7/2/1993
4853,10/19/2005
4468,1/28/2004
3792,2/13/2001
3769,1/11/2001
4835,9/23/2005
3622,5/9/2000
5269,7/5/2007
1252,1/30/1990
6160,5/27/2011
2851,1/13/1997
3759,12/28/2000
5812,12/15/2009
5035,6/30/2006
3892,7/3/2001
3825,3/30/2001
4781,5/23/2005
5804,12/3/2009
3766,1/8/2001
3471,10/11/1999
4976,4/10/2006
2937,5/13/1997
4284,3/27/2003
5774,10/22/2009
4161,10/7/2002
5663,4/1/2009
4687,1/11/2005
4913,1/11/2006
2785,10/11/1996
6206,9/19/2011
2819,11/28/1996
6051,12/27/2010
2829,12/12/1996
4148,9/18/2002
3515,12/10/1999
5365,12/28/2007
3530,12/31/1999
3617,5/2/2000
3648,6/14/2000
5554,10/30/2008
5984,9/23/2010
5653,3/18/2009
3208,7/8/1998
5683,4/29/2009
1323,5/9/1990
4563,6/9/2004
3147,4/14/1998
4338,6/11/2003
5218,4/25/2007
5953,6/30/2010
6252,11/22/2011
4124,7/4/2002
6122,4/5/2011
6195,7/15/2011
4495,3/5/2004
3453,9/15/1999
5204,4/5/2007
6054,12/30/2010
6020,11/12/2010
5510,7/18/2008
4645,11/12/2004
4759,4/21/2005
4501,3/15/2004
4575,6/25/2004
4709,2/10/2005
4677,12/28/2004
5178,2/28/2007
5000,5/12/2006
4079,5/2/2002
4902,12/27/2005
3015,10/10/1997
5734,7/9/2009
4800,6/17/2005
6256,11/28/2011
1376,9/3/1990
3922,9/25/2001
3424,6/24/1999
2905,3/28/1997
4627,10/19/2004
5131,12/25/2006
3163,5/6/1998
5371,1/7/2008
3535,1/7/2000
11,9/24/1984
4905,12/30/2005
3772,1/16/2001
5354,12/13/2007
5121,12/11/2006
5712,6/9/2009
2967,6/24/1997
6229,10/20/2011
5830,1/8/2010
5533,10/1/2008
6146,5/9/2011
5899,4/15/2010
6045,12/17/2010
6018,11/10/2010
4553,5/26/2004
2852,1/14/1997
4551,5/24/2004
5485,6/13/2008
2909,4/3/1997
3746,12/11/2000
3070,12/26/1997
4326,5/26/2003
3564,2/17/2000
4080,5/3/2002
6061,1/10/2011
5504,7/10/2008
4192,11/19/2002
5011,5/29/2006
5098,11/8/2006
4962,3/21/2006
5977,9/14/2010
3491,11/8/1999
4347,6/24/2003
5634,2/19/2009
5385,1/25/2008
5783,11/4/2009
5646,3/9/2009
1885,11/13/1992
5813,12/16/2009
4261,2/24/2003
5814,12/17/2009
5962,7/13/2010
3578,3/8/2000
3864,5/24/2001
2973,7/2/1997
3095,1/30/1998
3189,6/11/1998
3260,11/6/1998
4149,9/19/2002
968,11/16/1988
3592,3/28/2000
6278,12/28/2011
5369,1/3/2008
4669,12/16/2004
5013,5/31/2006
4774,5/12/2005
4463,1/21/2004
5791,11/16/2009
3930,10/5/2001
5297,9/25/2007
5114,11/30/2006
5838,1/20/2010
1177,10/17/1989
4182,11/5/2002
4331,6/2/2003
5049,7/20/2006
5355,12/14/2007
3005,9/26/1997
4201,12/2/2002
3482,10/26/1999
5710,6/5/2009
4621,10/11/2004
5103,11/15/2006
3196,6/22/1998
2993,9/10/1997
4245,1/31/2003
5370,1/4/2008
5244,5/31/2007
4863,11/2/2005
2991,9/8/1997
3305,1/8/1999
6043,12/15/2010
5606,1/12/2009
4984,4/20/2006
2950,5/30/1997
6258,11/30/2011
4785,5/27/2005
4521,4/12/2004
2965,6/20/1997
5163,2/7/2007
5585,12/12/2008
5928,5/26/2010
5526,9/22/2008
5643,3/4/2009
5323,10/31/2007
3274,11/26/1998
4647,11/16/2004
1164,9/28/1989
2676,4/1/1996
4520,4/9/2004
4566,6/14/2004
5373,1/9/2008
3152,4/21/1998
9,9/20/1984
3821,3/26/2001
4178,10/30/2002
5789,11/12/2009
3768,1/10/2001
3685,9/15/2000
3773,1/17/2001
6002,10/19/2010
3593,3/29/2000
3786,2/5/2001
4311,5/5/2003
3495,11/12/1999
5358,12/19/2007
3429,7/1/1999
3289,12/17/1998
3888,6/27/2001
3008,10/1/1997
3107,2/17/1998
3359,3/25/1999
1215,12/8/1989
5409,2/28/2008
5214,4/19/2007
3427,6/29/1999
3717,10/31/2000
5292,9/18/2007
2807,11/12/1996
5871,3/8/2010
3800,2/23/2001
3224,9/17/1998
2348,11/16/1994
315,11/22/1985
4349,6/26/2003
5374,1/10/2008
5922,5/18/2010
3610,4/21/2000
4142,9/10/2002
1247,1/23/1990
3376,4/19/1999
3369,4/8/1999
5730,7/3/2009
5429,3/27/2008
5993,10/6/2010
313,11/20/1985
2871,2/10/1997
1195,11/10/1989
5679,4/23/2009
4137,9/3/2002
5661,3/30/2009
4156,9/30/2002
3778,1/24/2001
3510,12/3/1999
2879,2/20/1997
6274,12/22/2011
964,11/10/1988
5092,10/31/2006
2737,6/25/1996
351,1/13/1986
4531,4/26/2004
4579,7/1/2004
3473,10/13/1999
4602,9/14/2004
5856,2/15/2010
1873,10/28/1992
5569,11/20/2008
6011,11/1/2010
1794,5/21/1992
6244,11/10/2011
5932,6/1/2010
5031,6/26/2006
3034,11/6/1997
5172,2/20/2007
2964,6/19/1997
3856,5/14/2001
3165,5/8/1998
5560,11/7/2008
5619,1/29/2009
2907,4/1/1997
5212,4/17/2007
4222,12/31/2002
2833,12/18/1996
4252,2/11/2003
5305,10/5/2007
6036,12/6/2010
5167,2/13/2007
3151,4/20/1998
3865,5/25/2001
5135,12/29/2006
3400,5/21/1999
1317,5/1/1990
4216,12/23/2002
3589,3/23/2000
4250,2/7/2003
4394,10/16/2003
4720,2/25/2005
5069,9/28/2006
6003,10/20/2010
5876,3/15/2010
1881,11/9/1992
4364,7/17/2003
6207,9/20/2011
1983,3/31/1993
1251,1/29/1990
5236,5/21/2007
3919,9/20/2001
3644,6/8/2000
5061,9/18/2006
3038,11/12/1997
2046,6/28/1993
3940,10/19/2001
6044,12/16/2010
5070,9/29/2006
5195,3/23/2007
4999,5/11/2006